{
    "configuration": {
        "name": "LSA_Basic",
        "reduction_method": "svd",
        "use_lemmatization": false,
        "use_stemming": false,
        "vectorizer_type": "tfidf"
    },
    "optimal_dimensions": 300,
    "results": {
        "k=1": {
            "Precision": 0.6666666666666666,
            "Recall": 0.105345577700501,
            "F1": 0.1753740419774803,
            "MAP": 0.105345577700501,
            "nDCG": 0.6666666666666666
        },
        "k=3": {
            "Precision": 0.48444444444444446,
            "Recall": 0.22500166018221956,
            "F1": 0.2869322586878619,
            "MAP": 0.20443314385226535,
            "nDCG": 0.503730527813358
        },
        "k=5": {
            "Precision": 0.39911111111111114,
            "Recall": 0.3002120257188191,
            "F1": 0.3165982221541157,
            "MAP": 0.25283782150376516,
            "nDCG": 0.4670253047110812
        },
        "k=10": {
            "Precision": 0.2791111111111111,
            "Recall": 0.3991944884517889,
            "F1": 0.30456554380776113,
            "MAP": 0.30008919552173813,
            "nDCG": 0.44687004482812376
        }
    }
}