{
    "configuration": {
        "name": "LSA_Lemmatized",
        "reduction_method": "svd",
        "use_lemmatization": true,
        "use_stemming": false,
        "vectorizer_type": "tfidf"
    },
    "optimal_dimensions": 300,
    "results": {
        "k=1": {
            "Precision": 0.6577777777777778,
            "Recall": 0.10732273141098804,
            "F1": 0.17744223304567136,
            "MAP": 0.10732273141098804,
            "nDCG": 0.6577777777777778
        },
        "k=3": {
            "Precision": 0.4814814814814815,
            "Recall": 0.22881762067978928,
            "F1": 0.28942116798911405,
            "MAP": 0.20838373572735577,
            "nDCG": 0.5050190351327888
        },
        "k=5": {
            "Precision": 0.4035555555555556,
            "Recall": 0.30629596407530646,
            "F1": 0.3224937816876526,
            "MAP": 0.25789775879704147,
            "nDCG": 0.47300628742946793
        },
        "k=10": {
            "Precision": 0.28888888888888886,
            "Recall": 0.4108447665725521,
            "F1": 0.3138047294711938,
            "MAP": 0.3082019075813125,
            "nDCG": 0.45796191640863765
        }
    }
}