{
    "configuration": {
        "name": "NMF_Basic",
        "reduction_method": "nmf",
        "use_lemmatization": false,
        "use_stemming": false,
        "vectorizer_type": "tfidf"
    },
    "optimal_dimensions": 200,
    "results": {
        "k=1": {
            "Precision": 0.30666666666666664,
            "Recall": 0.05197274330607663,
            "F1": 0.08577716401245813,
            "MAP": 0.05197274330607663,
            "nDCG": 0.30666666666666664
        },
        "k=3": {
            "Precision": 0.2518518518518518,
            "Recall": 0.12157503693522341,
            "F1": 0.1542081683366513,
            "MAP": 0.10125987728768293,
            "nDCG": 0.2596586136370745
        },
        "k=5": {
            "Precision": 0.2195555555555556,
            "Recall": 0.1697203759120808,
            "F1": 0.1787021163295673,
            "MAP": 0.12664228535988228,
            "nDCG": 0.2487959512279569
        },
        "k=10": {
            "Precision": 0.16933333333333334,
            "Recall": 0.24916436823058294,
            "F1": 0.18808482592721534,
            "MAP": 0.15777997106281466,
            "nDCG": 0.2547976115420004
        }
    }
}