{
    "methods": [
        "LSA_Basic",
        "LSA_Lemmatized",
        "NMF_Basic"
    ],
    "results": [
        {
            "k=1": {
                "Precision": 0.6666666666666666,
                "Recall": 0.105345577700501,
                "F1": 0.1753740419774803,
                "MAP": 0.105345577700501,
                "nDCG": 0.6666666666666666
            },
            "k=3": {
                "Precision": 0.48444444444444446,
                "Recall": 0.22500166018221956,
                "F1": 0.2869322586878619,
                "MAP": 0.20443314385226535,
                "nDCG": 0.503730527813358
            },
            "k=5": {
                "Precision": 0.39911111111111114,
                "Recall": 0.3002120257188191,
                "F1": 0.3165982221541157,
                "MAP": 0.25283782150376516,
                "nDCG": 0.4670253047110812
            },
            "k=10": {
                "Precision": 0.2791111111111111,
                "Recall": 0.3991944884517889,
                "F1": 0.30456554380776113,
                "MAP": 0.30008919552173813,
                "nDCG": 0.44687004482812376
            }
        },
        {
            "k=1": {
                "Precision": 0.6577777777777778,
                "Recall": 0.10732273141098804,
                "F1": 0.17744223304567136,
                "MAP": 0.10732273141098804,
                "nDCG": 0.6577777777777778
            },
            "k=3": {
                "Precision": 0.4814814814814815,
                "Recall": 0.22881762067978928,
                "F1": 0.28942116798911405,
                "MAP": 0.20838373572735577,
                "nDCG": 0.5050190351327888
            },
            "k=5": {
                "Precision": 0.4035555555555556,
                "Recall": 0.30629596407530646,
                "F1": 0.3224937816876526,
                "MAP": 0.25789775879704147,
                "nDCG": 0.47300628742946793
            },
            "k=10": {
                "Precision": 0.28888888888888886,
                "Recall": 0.4108447665725521,
                "F1": 0.3138047294711938,
                "MAP": 0.3082019075813125,
                "nDCG": 0.45796191640863765
            }
        },
        {
            "k=1": {
                "Precision": 0.30666666666666664,
                "Recall": 0.05197274330607663,
                "F1": 0.08577716401245813,
                "MAP": 0.05197274330607663,
                "nDCG": 0.30666666666666664
            },
            "k=3": {
                "Precision": 0.2518518518518518,
                "Recall": 0.12157503693522341,
                "F1": 0.1542081683366513,
                "MAP": 0.10125987728768293,
                "nDCG": 0.2596586136370745
            },
            "k=5": {
                "Precision": 0.2195555555555556,
                "Recall": 0.1697203759120808,
                "F1": 0.1787021163295673,
                "MAP": 0.12664228535988228,
                "nDCG": 0.2487959512279569
            },
            "k=10": {
                "Precision": 0.16933333333333334,
                "Recall": 0.24916436823058294,
                "F1": 0.18808482592721534,
                "MAP": 0.15777997106281466,
                "nDCG": 0.2547976115420004
            }
        }
    ]
}