{
    "VSM": {
        "Precision": 0.29244444444444445,
        "Recall": 0.423465377792544,
        "F-score": 0.32044489882658606,
        "nDCG": 0.7813497784445977
    },
    "ESA": {
        "Precision": 0.1648888888888889,
        "Recall": 0.24783755694884835,
        "F-score": 0.18360430819978718,
        "nDCG": 0.5174638504971318
    },
    "LSA": {
        "Precision": 0.3048888888888889,
        "Recall": 0.4365868012721719,
        "F-score": 0.33300199362127164,
        "nDCG": 0.7608663481599416
    }
}